Wall time,Step,Value
1702099463.3065376,19,-5.945199489593506
1702099464.3886669,48,-1.7180120944976807
1702099465.0503602,63,-2.4036476612091064
1702099466.4452813,90,-0.1433202177286148
1702099467.18559,104,-3.8859875202178955
1702099467.4532413,108,9.311185836791992
1702099468.3180943,129,-0.45424577593803406
1702099469.849508,165,-0.7938758730888367
1702099470.1357358,173,-0.2201761156320572
1702099473.5418956,245,-4.875248908996582
1702099474.2217693,260,-2.3171346187591553
1702099475.210001,283,-0.9674733281135559
1702099480.0792158,387,-5.801284313201904
1702099480.9158223,403,-6.996387004852295
1702099481.698043,416,-1.464577078819275
1702099482.399218,438,-0.5108428001403809
1702099483.8118422,466,-2.040994167327881
1702099484.3018737,476,0.04017982631921768
1702099484.6092455,482,-0.3773353695869446
1702099486.014362,511,-1.2744708061218262
1702099487.1241753,534,-1.8183808326721191
1702099487.3233137,539,1.424373745918274
1702099487.40844,541,-1.7685104608535767
1702099488.2200792,557,-1.9436724185943604
1702099490.2148502,597,-2.4244353771209717
1702099494.523788,638,-1.503788709640503
1702099495.2153971,644,-0.6377525329589844
1702099495.2316825,645,-0.36006808280944824
1702099496.163936,659,-0.38047581911087036
1702099497.185782,676,-0.62657630443573
1702099502.0187604,765,-0.3098829388618469
1702099502.663828,776,-0.20335620641708374
1702099504.489958,805,-0.5833726525306702
1702099508.5728273,867,-0.3673263490200043
1702099509.7416549,887,-0.6021772623062134
1702099516.8580823,1016,-0.170904740691185
1702099517.9102771,1027,-2.2250492572784424
1702099518.5374231,1038,-0.8748123049736023
1702099520.0618422,1072,-0.6213374137878418
1702099522.2170074,1112,-0.40591880679130554
1702099523.1861634,1126,-0.33722779154777527
1702099523.4967427,1133,-0.6760342717170715
1702099524.7654216,1153,-0.32967352867126465
1702099525.3231745,1165,-0.5756675004959106
1702099526.1282923,1177,-0.5132240653038025
1702099526.6258335,1185,-0.1580478399991989
1702099528.3979204,1219,-1.0722275972366333
1702099530.0639448,1253,-0.14849841594696045
1702099530.120772,1255,-0.9725294709205627
1702099530.6275675,1268,-0.4192027747631073
1702099530.8953464,1272,1.635763168334961
1702099535.630432,1377,-0.35023489594459534
1702099537.6874676,1418,-0.15837040543556213
1702099539.0155983,1458,-0.6391741633415222
1702099539.0288692,1459,-0.15685883164405823
1702099540.596591,1495,-0.4889977276325226
1702099541.2373395,1511,-0.5918336510658264
1702099541.3521202,1514,-0.13002446293830872
1702099542.8164957,1549,-0.011226707138121128
1702099542.9270039,1552,-0.2810077965259552
1702099543.478052,1566,-0.6105204224586487
1702099545.8801322,1628,-0.2661043703556061
1702099546.2602825,1636,-0.9203460812568665
1702099547.908753,1671,-0.5232259631156921
1702099549.1349673,1703,-0.10483274608850479
1702099549.4421504,1712,-0.34028807282447815
1702099555.7543886,1848,-0.8296591639518738
1702099556.2592266,1861,-0.19874590635299683
1702099557.988173,1900,-0.2564956545829773
1702099558.297864,1910,-0.21087895333766937
1702099559.4241052,1941,-0.45139989256858826
1702099560.1125994,1961,-0.7678834199905396
1702099560.155723,1962,-0.5614105463027954
1702099565.387421,2071,-0.5022997856140137
1702099565.6961186,2080,-0.5226067900657654
1702099566.118126,2090,-0.35060223937034607
1702099566.716383,2101,-0.9795320630073547
1702099571.6398063,2210,-0.549098014831543
1702099576.9255338,2320,-0.26068511605262756
1702099578.8867176,2360,-0.5907560586929321
1702099582.8397968,2437,-0.5026443004608154
1702099583.0656064,2442,-0.11671461910009384
1702099583.6355376,2455,-0.5591792464256287
1702099583.958287,2463,-0.3601324260234833
1702099584.033191,2466,-0.6062326431274414
1702099584.9326932,2486,-0.5726943612098694
1702099615.1030643,2504,-1.0395129919052124
1702099615.825491,2518,-0.4492504894733429
1702099618.5799706,2578,-0.35857608914375305
1702099618.6433926,2579,-0.8716001510620117
1702099619.6225567,2600,-0.7646481394767761
1702099620.9037967,2628,-0.25156620144844055
1702099621.194804,2636,-0.879965603351593
1702099621.5583985,2644,-0.26977795362472534
1702099623.2794158,2685,-0.5340309143066406
1702099623.927744,2694,-0.13381800055503845
1702099624.5625489,2709,-0.3638307452201843
1702099624.9282844,2718,-0.3381043076515198
1702099626.3435478,2754,-0.3573338985443115
1702099626.3970938,2755,-0.3961532413959503
1702099627.0593076,2769,1.985947847366333
1702099628.0531814,2786,-0.6723171472549438
1702099629.2074232,2813,-0.5362929105758667
1702099630.8482785,2845,-0.39510390162467957
1702099631.4543955,2862,-0.170242577791214
1702099636.2589798,2974,-0.5767452716827393
1702099670.2031403,3084,-0.5517339706420898
1702099670.2203116,3085,-0.2648167610168457
1702099671.5030675,3105,-0.3372628092765808
1702099671.5318336,3106,-0.504122257232666
1702099672.402313,3121,-0.16988475620746613
1702099673.6928473,3146,-0.4509020149707794
1702099676.58976,3200,-0.7814760208129883
1702099677.4823112,3218,1.5755209922790527
1702099678.6967373,3242,-0.2156590223312378
1702099680.1793857,3266,-0.026010729372501373
1702099680.280385,3269,-0.3259364366531372
1702099684.8413458,3357,-0.08527366071939468
1702099688.0568995,3405,3.807173252105713
1702099690.9756384,3462,-0.4861011505126953
1702099692.0338993,3484,-0.2788955867290497
1702099692.667714,3492,-0.5251672863960266
1702099722.5186777,3501,-0.29229068756103516
1702099723.890124,3527,-0.31427133083343506
1702099726.2025862,3567,-0.29686596989631653
1702099726.3593426,3570,-0.22523045539855957
1702099728.1071465,3601,-0.39879748225212097
1702099728.9006882,3617,-0.15979522466659546
1702099730.9133124,3655,-0.5814176201820374
1702099731.0152519,3658,-0.3011016249656677
1702099731.143046,3662,-1.0898245573043823
1702099731.8130627,3669,-0.6568528413772583
1702099731.9268777,3672,-0.5152114629745483
1702099732.6466718,3691,-0.3783884644508362
1702099733.60717,3713,2.0132813453674316
1702099736.2974982,3762,-0.38889914751052856
1702099737.4900665,3783,-0.30592212080955505
1702099740.983336,3849,-0.5569140315055847
1702099741.0672383,3851,-0.09217337518930435
1702099743.8318255,3903,-1.2232733964920044
1702099744.5322192,3916,-0.781627893447876
1702099745.3478057,3934,-0.7310197949409485
1702099747.0630202,3976,-0.29917794466018677
1702099778.3530517,4013,-0.28284502029418945
1702099778.9220932,4024,-0.3576395809650421
1702099782.4116402,4085,-0.7235899567604065
1702099784.470104,4110,-0.4177200496196747
1702099785.172108,4122,-0.40953749418258667
1702099785.340454,4125,-0.6367851495742798
1702099786.4435637,4147,-0.6051160097122192
1702099788.2965105,4182,-0.364494264125824
1702099788.7731547,4193,-0.25648927688598633
1702099790.7961464,4228,-0.7728673219680786
1702099792.3182635,4258,-0.2190740406513214
1702099796.3680496,4319,-0.6025623679161072
1702099796.9479578,4329,-0.5021170377731323
1702099804.1349251,4455,-0.8983072638511658
1702099837.9156046,4536,-0.5318359732627869
1702099838.1739428,4540,-0.08744622766971588
1702099839.9166808,4565,-0.45233890414237976
1702099843.278265,4613,-0.3048441708087921
1702099846.2606173,4650,-0.6654567718505859
1702099849.246675,4691,-0.7418468594551086
1702099849.3171847,4693,-0.7473437190055847
1702099849.6591218,4699,-0.25875940918922424
1702099850.1817644,4708,-1.049175500869751
1702099851.4405124,4731,-0.5191200375556946
1702099853.9220493,4778,-0.05142590031027794
1702099857.0971339,4833,-0.07587532699108124
1702099857.4224646,4836,-1.4280375242233276
1702099857.5213542,4837,-0.1723468154668808
1702099858.2194438,4845,-0.49824196100234985
1702099860.8834515,4883,-0.4792422950267792
1702099862.7895591,4911,-0.5637900233268738
1702099864.0873265,4930,-0.9256026744842529
1702099865.1351714,4950,-0.37418752908706665
1702099867.4290361,4981,-0.5329359173774719
1702099903.3421013,5080,-0.8492114543914795
1702099903.8492992,5089,-0.4750896692276001
1702099904.1347342,5091,-1.3170100450515747
1702099906.8625443,5133,-0.286281555891037
1702099907.0493853,5137,-0.2211652547121048
1702099908.0503607,5152,-0.23876573145389557
1702099908.2606456,5156,-0.49444669485092163
1702099910.6465642,5188,-0.7125990986824036
1702099911.7592583,5201,-0.313946008682251
1702099913.155739,5226,1.7430884838104248
1702099913.9576051,5239,-0.3890281617641449
1702099914.8412235,5254,-0.5554519295692444
1702099915.6382535,5263,0.015140747651457787
1702099917.8178403,5296,-0.6531421542167664
1702099919.2365189,5320,-0.6543276906013489
1702099919.3604763,5323,-0.7111961245536804
1702099921.8353665,5363,1.8124672174453735
1702099922.1782362,5371,-0.4865412712097168
1702099924.9958284,5404,-0.4688505232334137
1702099927.5801408,5446,0.3311343491077423
1702099928.1986701,5455,-1.4204058647155762
1702099960.0578256,5510,-0.07118325680494308
1702099971.2589724,5668,-2.0864064693450928
1702099974.929365,5731,-0.4586285650730133
1702099977.0128686,5759,-0.6057218909263611
1702099978.8715212,5782,-0.7419258952140808
1702099981.8629243,5833,-0.5148822069168091
1702099984.1847315,5867,-2.192265748977661
1702099985.1063163,5880,-0.9281248450279236
1702099991.386959,5957,3.798250198364258
1702099993.4545124,5982,-0.13267286121845245
1702099995.1176877,5998,3.860778570175171
1702100024.766723,6010,-0.5342406630516052
1702100029.2164154,6054,-0.6978930830955505
1702100033.9717236,6112,-0.5382079482078552
1702100035.865217,6139,-0.6958577632904053
1702100036.1918125,6143,-0.3028823137283325
1702100042.826764,6226,-2.5638997554779053
1702100044.2956743,6244,-1.1034668684005737
1702100050.065841,6280,-0.2494143545627594
1702100055.2437482,6333,3.400918483734131
1702100055.3998966,6335,-0.6530910134315491
1702100057.7717636,6359,-0.09430725127458572
1702100057.828985,6360,-0.03420945256948471
1702100058.384095,6365,-0.29593145847320557
1702100058.7180228,6370,-0.23327109217643738
1702100105.6970606,6529,-0.3303664028644562
1702100107.3604975,6547,-0.8777005672454834
1702100107.9330366,6552,-1.0736699104309082
1702100109.4331803,6565,-0.3757025897502899
1702100109.841343,6570,5.8827714920043945
1702100111.6329863,6586,-1.021507978439331
1702100112.2291243,6591,1.6124964952468872
1702100113.1356566,6600,3.849290370941162
1702100114.8911672,6616,-1.0196642875671387
1702100120.427198,6674,3.791581630706787
1702100125.6867847,6721,-0.3238915503025055
1702100126.645619,6731,-0.245274156332016
1702100128.1402333,6751,2.053507089614868
1702100133.2663174,6803,-0.9620726108551025
1702100136.724658,6843,3.7315621376037598
1702100137.5231006,6851,-1.2531564235687256
1702100145.3238723,6917,6.208827972412109
1702100145.6237962,6920,-0.1084989532828331
1702100146.8203645,6931,-1.9521428346633911
1702100153.6262217,6992,2.7442426681518555
1702100153.9788127,6997,4.037226676940918
1702100154.062106,6999,1.9848097562789917
1702100186.7217104,7055,5.9836907386779785
1702100193.0239286,7118,2.1213467121124268
1702100193.3735979,7121,-0.030331764370203018
1702100194.0245967,7127,0.22856087982654572
1702100197.662074,7165,0.1410544067621231
1702100203.7501228,7208,-0.5827109813690186
1702100210.3778977,7254,6.360922336578369
1702100213.4642503,7275,-0.5018388628959656
1702100218.2297103,7309,21.898513793945312
1702100222.0569792,7339,-0.17928026616573334
1702100223.7660897,7354,-0.13532426953315735
1702100225.541385,7368,0.16835661232471466
1702100235.9412925,7437,4.018502712249756
1702100240.2569783,7465,1.608795166015625
1702100240.7770548,7469,5.860942840576172
1702100241.3572938,7471,3.362879753112793
1702100242.9449158,7483,-1.0718190670013428
1702100271.3092492,7507,5.364617824554443
1702100273.1760478,7519,-0.1262916624546051
1702100275.0402951,7533,8.497576713562012
1702100276.4702487,7544,6.199451446533203
1702100284.0157845,7594,2.084514856338501
1702100284.9860988,7603,-0.19430872797966003
1702100285.4262745,7605,13.858988761901855
1702100290.3971846,7639,5.9314799308776855
1702100291.718083,7645,3.788027286529541
1702100294.4790747,7661,6.404803276062012
1702100303.1874774,7728,6.251840114593506
1702100303.8405719,7731,-2.9217240810394287
1702100307.2757132,7757,6.104979038238525
1702100312.1132038,7795,5.837710857391357
1702100312.1564803,7796,2.10984468460083
1702100314.682175,7822,-0.9299847483634949
1702100316.2187917,7839,6.114901542663574
1702100318.3818681,7856,6.001534938812256
1702100323.3551383,7896,1.855647325515747
1702100323.8417518,7902,6.219624042510986
1702100326.9060497,7930,5.864645481109619
1702100332.9873915,7987,-0.4616835117340088
1702100362.5217495,8047,8.82780647277832
1702100366.377107,8079,1.4073377847671509
1702100370.7184594,8123,1.7538256645202637
1702100373.8071158,8145,6.1073479652404785
1702100376.191239,8165,6.2281012535095215
1702100383.464976,8217,4.355334758758545
1702100385.081275,8230,0.6329115033149719
1702100391.6949873,8278,6.204550266265869
1702100393.1797073,8292,-1.364556908607483
1702100393.6173294,8297,5.610522747039795
1702100402.8220854,8364,1.687342882156372
1702100405.0859103,8378,6.055980205535889
1702100407.2231762,8398,1.9995495080947876
1702100417.8083909,8492,6.088396072387695
1702100443.8099046,8549,6.12429141998291
1702100444.3944168,8555,10.988200187683105
1702100445.430937,8564,18.126150131225586
1702100452.9692101,8619,12.953498840332031
1702100458.0032172,8660,2.239985227584839
1702100458.4697444,8664,1.7231165170669556
1702100462.1285884,8695,6.478053092956543
1702100465.4597926,8719,3.9629454612731934
1702100466.2835093,8725,3.123948574066162
1702100470.1261394,8753,5.9811625480651855
1702100473.6491325,8777,4.0278401374816895
1702100473.9149144,8779,10.890278816223145
1702100479.841082,8824,6.0968546867370605
1702100480.8833227,8834,2.071302890777588
1702100484.9568079,8866,4.983880996704102
1702100485.3350902,8871,6.0872273445129395
1702100486.513747,8878,2.0622682571411133
1702100492.1778722,8918,1.4122565984725952
1702100492.6492462,8922,6.300727844238281
1702100500.2825677,8986,6.2177629470825195
1702100517.4603505,9007,-5.298699855804443
1702100520.442775,9034,5.799160003662109
1702100523.5022712,9059,10.106783866882324
1702100530.610624,9122,11.0568265914917
1702100535.0889409,9153,13.721427917480469
1702100542.3687077,9213,6.46568489074707
1702100546.910448,9253,7.989017486572266
1702100550.6423523,9292,6.037499904632568
1702100551.8270395,9304,5.856414794921875
1702100553.1951196,9313,5.890584468841553
1702100554.4896505,9328,6.020114421844482
1702100556.1732986,9346,6.038353443145752
1702100557.2250695,9360,6.723417282104492
1702100559.001867,9373,6.083676815032959
1702100559.2589488,9378,5.893998146057129
1702100560.6540213,9388,5.629614353179932
1702100568.0951717,9457,6.22888708114624
1702100589.9829733,9539,6.211869239807129
1702100590.6135595,9548,5.958521842956543
1702100593.1884692,9567,3.872225522994995
1702100603.9354177,9672,5.673215866088867
1702100604.017095,9673,6.101264953613281
1702100608.532554,9713,6.21270227432251
1702100613.5918756,9754,5.954263687133789
1702100613.6491513,9755,5.969799995422363
1702100616.117918,9773,5.6621198654174805
1702100620.2395658,9814,2.2538344860076904
1702100621.0588887,9825,9.422739028930664
1702100622.4285538,9838,6.046609878540039
1702100623.759697,9851,6.377922058105469
1702100625.2751944,9868,6.043837070465088
1702100628.4478827,9895,7.037229061126709
1702100630.6374478,9918,3.968883514404297
1702100633.1453974,9949,6.1505961418151855
1702100633.2165542,9950,5.844420433044434
1702100633.2717192,9951,6.014159679412842
1702100634.3044815,9961,6.042808532714844
1702100635.7955651,9974,1.1873780488967896
1702100636.3886917,9980,6.04347038269043
1702100637.9158077,9994,6.283442974090576
1702100654.1565318,10064,6.37456750869751
1702100656.9269783,10091,4.146633148193359
1702100659.3887815,10122,3.72171688079834
1702100661.0760365,10139,5.901871681213379
1702100666.9678974,10192,4.205164909362793
1702100668.2004588,10209,5.819276332855225
1702100668.8235943,10216,5.7393341064453125
1702100673.4998984,10270,5.895445346832275
1702100674.6816237,10281,6.0905890464782715
1702100680.9506648,10343,5.916660308837891
1702100681.345584,10346,5.917436122894287
1702100681.429028,10347,6.065854072570801
1702100686.3096378,10396,5.564844608306885
1702100691.2817519,10446,6.314579963684082
1702100691.8844256,10452,5.7937140464782715
1702100692.166515,10453,1.7128750085830688
1702100692.5334003,10459,6.420856952667236
1702100705.3642602,10502,6.116384983062744
1702100706.8301303,10519,5.921009063720703
1702100711.2310615,10562,6.477431774139404
1702100714.870641,10597,6.61283016204834
1702100719.0119214,10634,8.50043773651123
1702100719.9238408,10644,2.0019562244415283
1702100720.052314,10646,6.234273910522461
1702100725.670241,10708,5.463973522186279
1702100726.7115839,10718,5.785783767700195
1702100727.2632399,10725,10.574869155883789
1702100732.5016782,10772,6.812565326690674
1702100738.8507683,10843,1.909293532371521
1702100762.9338923,11024,6.0340681076049805
1702100763.4870603,11029,6.953758716583252
1702100763.9601424,11037,6.190974712371826
1702100765.2435153,11055,5.956579208374023
1702100769.359791,11095,5.93870210647583
1702100771.3390422,11119,5.946536064147949
1702100771.903757,11125,5.777478218078613
1702100771.9608474,11126,3.525998115539551
1702100774.724247,11160,6.089730739593506
1702100775.485856,11171,6.031182765960693
1702100779.9375925,11213,6.290775299072266
1702100780.6296115,11219,15.057941436767578
1702100781.2918222,11227,6.069583892822266
1702100790.0611303,11331,5.907799243927002
1702100790.1463072,11332,5.818709373474121
1702100795.6063032,11395,6.096654891967773
1702100796.4044619,11405,6.098267555236816
1702100796.7153833,11410,5.923243522644043
1702100800.4288561,11444,5.9380083084106445
1702100800.8871355,11449,5.9635796546936035
1702100802.6782012,11462,6.243177890777588
1702100802.829427,11464,9.972031593322754
1702100818.3281817,11527,6.056325912475586
1702100822.9490116,11579,1.996990442276001
1702100826.6062279,11612,-0.023698871955275536
1702100833.0138586,11697,6.122786998748779
1702100835.7823076,11737,5.877223968505859
1702100837.4851685,11757,6.014248371124268
1702100838.5873122,11766,6.134969234466553
1702100839.9419556,11787,3.7195091247558594
1702100842.3903403,11818,5.878636837005615
1702100842.5192995,11820,6.135221481323242
1702100844.6927717,11848,5.848722457885742
1702100846.57649,11868,19.49059295654297
1702100847.4632766,11877,6.080455780029297
1702100847.9762418,11883,6.0152082443237305
1702100853.9553688,11956,6.308791637420654
1702100855.6871562,11973,5.765429973602295
1702100868.1556137,12028,6.1912336349487305
1702100872.8769152,12077,4.800925254821777
1702100882.214743,12176,2.2463083267211914
1702100882.558231,12180,9.829115867614746
1702100887.2649376,12236,6.153320789337158
1702100891.3962271,12272,6.139927387237549
1702100894.4375038,12303,3.8988187313079834
1702100894.5094805,12305,5.9681243896484375
1702100895.4780653,12317,6.2715163230896
1702100898.6832259,12355,6.207859516143799
1702100902.2670481,12395,8.060132026672363
1702100902.900363,12399,5.708053112030029
1702100903.2510781,12401,1.7560744285583496
1702100904.9577122,12422,4.164907932281494
1702100905.23637,12423,8.981600761413574
1702100906.1939902,12438,6.120902061462402
1702100907.6908293,12450,8.750018119812012
1702100909.9034343,12477,6.301253795623779
1702100910.029991,12479,5.9141669273376465
1702100910.22484,12481,6.071021556854248
1702100925.0224116,12555,6.344877243041992
1702100928.2590356,12602,6.177453517913818
1702100932.3639364,12649,6.028206825256348
1702100937.2671502,12709,6.246165752410889
1702100943.7249465,12783,5.91767692565918
1702100944.5162406,12792,6.218540668487549
1702100953.2115571,12902,5.8675642013549805
1702100953.523919,12906,3.9122395515441895
1702100956.588619,12945,5.8818559646606445
1702100959.3005667,12973,6.372986793518066
1702100959.989802,12977,5.989193916320801
1702100961.592227,12998,6.04036808013916
1702100970.370087,13011,5.952672481536865
1702100971.892149,13025,7.0506672859191895
1702100973.80328,13049,4.091805458068848
1702100977.4818769,13093,6.368331432342529
1702100986.5065367,13189,5.875070095062256
1702100991.5490484,13251,5.8947062492370605
1702100992.3997195,13262,5.910886764526367
1702100996.475957,13305,6.018573760986328
1702100999.7103572,13350,5.546242713928223
1702101003.7161803,13389,-0.035837654024362564
1702101007.1228511,13419,5.803807735443115
1702101010.1167593,13456,5.807999610900879
1702101022.77385,13523,4.321267604827881
1702101025.1233296,13551,19.62952423095703
1702101025.8485994,13559,6.018238544464111
1702101031.5906384,13624,6.276517391204834
1702101033.1751566,13643,5.9678754806518555
1702101033.3156068,13645,6.095171928405762
1702101033.7231627,13648,5.961892604827881
1702101034.5748715,13661,5.891579627990723
1702101040.856393,13737,5.974836826324463
1702101046.6300402,13803,1.0293676853179932
1702101049.1472907,13832,5.997546195983887
1702101050.8556933,13850,6.290349006652832
1702101053.8041582,13891,6.309769630432129
1702101056.1375937,13917,6.179931640625
1702101061.4207938,13972,6.068243503570557
1702101062.3706732,13981,1.9287300109863281
1702101072.0505435,14007,5.938312530517578
1702101075.6140761,14047,1.9735685586929321
1702101084.7141964,14159,5.878561019897461
1702101086.2126591,14178,2.071678876876831
1702101087.134174,14189,6.113138675689697
1702101088.7192402,14207,5.715559482574463
1702101092.62463,14259,5.850351333618164
1702101093.3009555,14266,5.9313883781433105
1702101099.7547326,14350,5.957444667816162
1702101100.0289938,14355,5.906131267547607
1702101100.6274583,14362,6.193000793457031
1702101104.0011523,14400,5.646242141723633
1702101104.3532922,14406,1.9923195838928223
1702101105.2930596,14420,5.868378162384033
1702101106.4910161,14428,2.0227017402648926
1702101106.534311,14429,6.136843204498291
1702101111.8154583,14497,6.24865198135376
1702101122.1231933,14536,5.946963310241699
1702101125.9955857,14578,5.919910907745361
1702101130.5728762,14624,6.202583312988281
1702101132.6555882,14646,5.332489967346191
1702101139.9250898,14746,3.729307174682617
1702101141.069717,14761,5.93733549118042
1702101145.6370296,14820,5.997596740722656
1702101148.0115616,14852,-0.14993223547935486
1702101149.1949937,14865,5.814281463623047
1702101149.5241888,14869,10.365752220153809
1702101153.4880695,14922,6.0349531173706055
1702101153.7931395,14926,5.937442779541016
1702101154.926657,14941,5.946037292480469
1702101168.5612006,15020,6.016452789306641
1702101172.0197442,15066,6.018136501312256
1702101172.0897222,15067,5.73038387298584
1702101172.6931856,15071,5.419656276702881
1702101175.6675236,15111,5.851593017578125
1702101177.4350457,15125,1.862174391746521
1702101179.0335088,15139,6.049041271209717
1702101180.3666584,15154,6.190541744232178
1702101182.3486242,15177,6.173983097076416
1702101182.893538,15186,7.863881587982178
1702101184.2442937,15200,6.318032264709473
1702101194.7410383,15319,6.302189350128174
1702101196.3253233,15335,6.071630001068115
1702101197.3157609,15349,6.020644187927246
1702101198.3138502,15363,6.0987935066223145
1702101199.3033834,15372,6.1066575050354
1702101202.5287306,15420,6.258947849273682
1702101203.7579744,15436,6.3120503425598145
1702101204.1513789,15442,6.018484592437744
1702101205.537969,15457,5.822193145751953
1702101206.0670261,15463,-2.7098844051361084
1702101208.1880217,15491,6.183741569519043
1702101224.431295,15611,-0.5212575197219849
1702101226.5928686,15639,6.656337738037109
1702101228.9506917,15669,5.8394317626953125
1702101231.7784717,15713,6.0692138671875
1702101233.1167028,15723,5.518758773803711
1702101236.0525424,15750,6.0730695724487305
1702101237.261755,15761,7.387984275817871
1702101239.611397,15794,5.707137584686279
1702101240.2884452,15802,6.098244667053223
1702101242.3547056,15821,5.920297622680664
1702101243.2323723,15832,5.837011814117432
1702101246.902063,15874,6.119365215301514
1702101250.2709444,15922,6.015925407409668
1702101250.3521552,15923,5.910401344299316
1702101266.345742,16033,5.835198879241943
1702101270.238948,16077,6.018566608428955
1702101273.6759462,16118,1.4874789714813232
1702101274.5111814,16126,2.040601968765259
1702101279.3628047,16186,6.002902984619141
1702101279.4080753,16187,6.071072101593018
1702101283.5791543,16237,6.20194149017334
1702101283.7586842,16240,4.046164035797119
1702101283.959356,16242,6.119731426239014
1702101284.8116553,16248,5.985069274902344
1702101290.981688,16314,5.926743984222412
1702101293.2765443,16347,5.8601202964782715
1702101296.3831787,16393,6.1829423904418945
1702101297.7370007,16412,6.046051502227783
1702101298.01664,16415,6.0712738037109375
1702101299.2005715,16428,5.941771030426025
1702101319.4942138,16604,5.92973518371582
1702101319.605484,16606,5.970740795135498
1702101320.507728,16616,5.984231472015381
1702101330.4177892,16732,5.92300271987915
1702101330.6373444,16736,5.943909645080566
1702101338.330305,16835,6.034595012664795
1702101340.5595226,16867,5.8429975509643555
1702101341.7091796,16881,5.8185133934021
1702101342.089713,16884,1.6231108903884888
1702101344.1282084,16908,6.153932094573975
1702101347.0313196,16948,5.968982696533203
1702101347.3237782,16952,6.116538047790527
1702101357.913071,17003,6.081403732299805
1702101359.0420322,17017,-0.08157187700271606
1702101362.0256593,17055,1.950432538986206
1702101362.226255,17058,6.2717766761779785
1702101363.7420557,17077,6.034050464630127
1702101366.9552658,17121,6.121370315551758
1702101367.2881835,17127,6.185538291931152
1702101367.3617764,17128,6.187324523925781
1702101368.6889226,17144,2.474801778793335
1702101369.3820975,17156,6.109034061431885
1702101375.3048234,17230,5.954383373260498
1702101375.429088,17232,6.057672500610352
1702101377.0420823,17251,10.006658554077148
1702101378.2829185,17264,6.2821245193481445
1702101379.0364597,17274,5.9516143798828125
1702101379.6922202,17282,6.0312957763671875
1702101388.0663567,17395,5.744183540344238
1702101390.6150646,17432,5.921471118927002
1702101404.1433733,17516,7.709351062774658
1702101407.4413967,17564,6.028146743774414
1702101412.1723158,17618,8.107405662536621
1702101413.2759092,17633,5.908700942993164
1702101413.3473501,17634,5.9149298667907715
1702101414.282263,17649,4.183553695678711
1702101416.4476416,17672,20.905607223510742
1702101417.7021747,17689,6.066695213317871
1702101418.6013858,17698,5.660693645477295
1702101421.351808,17732,6.1432414054870605
1702101423.7341712,17769,6.374728679656982
1702101426.7957647,17815,5.975735187530518
1702101431.7792766,17874,5.665586471557617
1702101432.2770755,17881,6.067313194274902
1702101432.3501918,17882,5.9838175773620605
1702101432.6085775,17886,5.853865146636963
1702101437.0400465,17936,5.740335464477539
1702101438.1264358,17953,1.9748759269714355
1702101438.8929102,17965,5.935481548309326
1702101448.9986231,18006,6.462594985961914
1702101449.178643,18009,6.1525115966796875
1702101451.735986,18036,6.214333534240723
1702101454.1287045,18065,5.958859443664551
1702101455.9752107,18089,9.931724548339844
1702101457.2026646,18110,6.249598026275635
1702101458.1389859,18122,6.222109317779541
1702101458.821514,18130,6.020814418792725
1702101459.3201666,18134,6.108377456665039
1702101459.5583344,18138,2.0027027130126953
1702101464.9743845,18208,5.795701026916504
1702101470.0324485,18277,5.953692436218262
1702101474.924609,18333,6.002601623535156
1702101475.8029535,18346,6.22507905960083
1702101480.2466953,18406,2.073002338409424
1702101481.3298652,18418,2.1018764972686768
1702101482.1774554,18430,6.042760848999023
1702101483.2435353,18445,6.162963390350342
1702101485.327518,18469,11.600093841552734
1702101486.5830946,18482,6.234816074371338
1702101487.2786999,18491,1.797770619392395
1702101495.7449336,18523,2.041468381881714
1702101500.5903456,18587,6.695072650909424
1702101502.7767754,18617,6.130377769470215
1702101502.9482365,18622,6.145842552185059
1702101503.815659,18635,6.059134483337402
1702101504.5321703,18646,5.7238688468933105
1702101512.78153,18759,6.088805198669434
1702101512.8923175,18760,5.646644592285156
1702101513.4892874,18766,6.230027198791504
1702101513.6981552,18769,5.620669841766357
1702101514.4790719,18781,6.043237209320068
1702101515.6880956,18796,6.189026832580566
1702101522.9054105,18899,6.175257682800293
1702101523.279867,18905,6.137447357177734
1702101530.878382,18992,6.36768913269043
1702101543.144632,19037,6.130311489105225
1702101543.3992102,19040,2.0975847244262695
1702101548.1939597,19100,6.019527912139893
1702101549.1063948,19110,6.584953308105469
1702101549.3890262,19114,6.167159557342529
1702101549.4368663,19115,6.136136054992676
1702101556.5123198,19210,6.23384428024292
1702101556.6386173,19212,6.11678409576416
1702101561.9450836,19279,6.225856781005859
1702101565.0484235,19320,5.761481761932373
1702101568.428669,19370,6.036706924438477
1702101568.887188,19378,6.002459526062012
1702101570.24974,19393,6.1033782958984375
1702101571.0477571,19407,5.901034355163574
1702101572.2006178,19421,6.220240116119385
1702101575.7504013,19475,5.982697486877441
1702101578.075402,19499,6.098348140716553
1702101584.2823184,19502,4.132090091705322
1702101587.5290456,19547,5.903771877288818
1702101593.2279806,19618,5.941306114196777
1702101594.4593754,19634,2.1209006309509277
1702101596.1573665,19655,6.194137096405029
1702101596.9673405,19662,5.827540397644043
1702101604.4485888,19764,5.948048114776611
1702101604.7979934,19766,5.462221145629883
1702101610.605654,19842,6.183156490325928
1702101611.8284347,19862,1.798203706741333
1702101614.5437212,19896,4.1448187828063965
1702101615.711252,19912,6.027237415313721
1702101616.7467327,19923,5.828432083129883
1702101620.86953,19982,10.117999076843262
1702101620.9127355,19983,6.135385990142822
1702101621.2216828,19987,5.630296230316162
1702101622.258019,20000,6.140267848968506
1702101628.916234,20015,6.0898284912109375
1702101633.6361763,20076,6.560186386108398
1702101638.296722,20135,2.143493890762329
1702101651.9026237,20312,6.146190166473389
1702101653.8180654,20333,6.0365495681762695
1702101656.2173114,20363,6.244822978973389
1702101658.5233192,20395,6.127237319946289
1702101659.1174424,20404,5.762346267700195
1702101660.4921706,20423,6.100027561187744
1702101661.864107,20441,5.6371660232543945
1702101665.9920163,20494,6.149393558502197
1702101673.3800132,20514,5.957429885864258
1702101674.9963646,20536,5.6110382080078125
1702101676.7053676,20559,6.035460948944092
1702101678.256622,20576,5.952132225036621
1702101678.498695,20579,6.197868824005127
1702101678.685976,20582,6.041560649871826
1702101681.277428,20619,6.114011287689209
1702101683.4464455,20647,4.031796455383301
1702101684.8286955,20665,6.32722806930542
1702101685.0290902,20667,5.893492698669434
1702101692.4749548,20761,6.1218976974487305
1702101694.3828113,20788,5.817081451416016
1702101696.4551234,20814,6.060534477233887
1702101698.7137027,20839,6.061976909637451
1702101698.8953347,20842,5.844157695770264
1702101706.7705572,20948,5.829477787017822
1702101707.0865207,20952,5.880379676818848
1702101708.6253169,20967,3.933823823928833
1702101708.6970348,20969,5.944580078125
1702101709.2260332,20974,6.251667022705078
1702101709.8257012,20980,3.9533307552337646
1702101711.085933,20993,6.1526384353637695
1702101718.3782442,21001,6.280066967010498
1702101721.8982787,21037,6.222348213195801
1702101722.9763582,21053,10.146040916442871
1702101728.1712103,21130,5.9839701652526855
1702101729.7172465,21152,6.104077339172363
1702101730.9391136,21166,6.062195777893066
1702101732.0843732,21174,10.166898727416992
1702101732.4343202,21180,5.816474914550781
1702101734.4706411,21206,6.223961353302002
1702101734.7781467,21210,5.5789313316345215
1702101736.289956,21234,5.851253032684326
1702101737.2781029,21245,5.842006206512451
1702101738.7463205,21268,5.894913673400879
1702101739.5715606,21280,6.158371448516846
1702101742.6362114,21312,6.166053295135498
1702101748.6255531,21391,5.7594170570373535
1702101751.006381,21420,6.089516639709473
1702101755.136544,21466,8.173039436340332
1702101771.1098797,21583,1.9260660409927368
1702101771.222178,21585,4.1739277839660645
1702101772.0293987,21594,4.192878246307373
1702101772.2296977,21598,6.032899379730225
1702101772.3571544,21599,6.58444881439209
1702101772.7704759,21606,6.480856895446777
1702101773.671357,21622,5.817874908447266
1702101777.4583607,21677,10.251317977905273
1702101777.5883071,21679,6.345378875732422
1702101780.9512541,21721,11.252182006835938
1702101782.143732,21735,10.294270515441895
1702101787.7319665,21813,5.964754581451416
1702101788.1454802,21820,6.165896892547607
1702101790.0257127,21846,6.132955551147461
1702101814.5247319,22064,5.874582290649414
1702101816.5930047,22088,5.747034072875977
1702101818.658238,22115,9.824766159057617
1702101820.1160228,22137,6.145728588104248
1702101820.7325542,22147,5.769986152648926
1702101821.7998862,22163,5.992042064666748
1702101827.966636,22230,16.95207405090332
1702101832.333657,22274,1.8872264623641968
1702101833.1538312,22284,3.9494943618774414
1702101833.2218328,22286,6.186185836791992
1702101833.7045617,22293,6.202488899230957
1702101834.7471051,22308,8.162531852722168
1702101839.7051413,22379,5.922130107879639
1702101840.0684896,22381,9.536474227905273
1702101843.6231542,22418,4.202332973480225
1702101847.0073104,22466,6.186548233032227
1702101857.4586487,22515,10.131021499633789
1702101859.018892,22533,5.848458290100098
1702101861.530432,22568,5.8376784324646
1702101863.9295433,22605,6.249777793884277
1702101867.9466476,22646,5.989299297332764
1702101872.030842,22703,6.1674628257751465
1702101876.5906246,22757,6.215080738067627
1702101878.8350978,22781,6.014622688293457
1702101878.8636534,22782,8.1867094039917
1702101890.1381366,22922,6.0308966636657715
1702101891.8609984,22949,6.181683540344238
1702101894.6076403,22984,6.164675235748291
1702101894.9763453,22990,1.8475313186645508
1702101895.5851018,22994,5.892658710479736
1702101907.2373772,23054,6.164088726043701
1702101907.7566998,23059,2.0512475967407227
1702101908.8188846,23072,3.814570426940918
1702101910.8206513,23095,1.9558751583099365
1702101911.7186637,23107,5.800209045410156
1702101924.657661,23263,6.163641929626465
1702101927.4236705,23299,5.609611988067627
1702101929.366863,23321,6.047816753387451
1702101930.517219,23331,21.764169692993164
1702101933.5683773,23379,6.185641288757324
1702101935.5929298,23407,6.251591205596924
1702101935.6679463,23408,6.036590099334717
1702101949.8478208,23501,2.093899965286255
1702101953.422215,23539,6.234214782714844
1702101957.5046773,23590,6.234572410583496
1702101957.6610603,23592,5.981924057006836
1702101960.9675589,23628,10.753376007080078
1702101962.192487,23646,6.019961833953857
1702101962.3466592,23649,1.9840983152389526
1702101967.3246067,23719,2.1545021533966064
1702101974.0225775,23818,6.108245849609375
1702101982.17006,23927,4.263615131378174
1702101984.5354397,23953,6.021753311157227
1702101997.2280726,24027,5.96047830581665
1702102000.9667492,24071,5.691394329071045
1702102001.3810773,24077,4.007691383361816
1702102004.3369577,24122,6.145270824432373
1702102013.4248412,24221,5.869294166564941
1702102018.3984842,24282,6.088934421539307
1702102020.1890225,24306,6.058664798736572
1702102024.3129528,24357,2.4794793128967285
1702102026.1219683,24379,6.123425006866455
1702102027.013417,24392,6.02133321762085
1702102030.8539371,24436,6.009434700012207
1702102033.5099566,24470,5.969478130340576
1702102033.7223196,24474,5.815412998199463
1702102035.7123737,24491,5.948500633239746
1702102035.85707,24493,6.041160583496094
1702102051.7662308,24607,6.028979778289795
1702102053.1278548,24627,6.248647689819336
1702102053.758963,24637,6.1402082443237305
1702102055.6106918,24662,6.3668036460876465
1702102058.8613799,24705,5.99547004699707
1702102059.6917698,24719,6.074447154998779
1702102062.2772758,24759,6.217962265014648
1702102067.1871219,24819,6.289180278778076
1702102068.2872922,24829,6.0084004402160645
1702102069.0032585,24840,5.745573043823242
1702102069.2931986,24844,6.088620185852051
1702102071.8708646,24876,6.120576858520508
1702102072.280577,24883,6.158452987670898
1702102073.4922457,24904,5.986266136169434
1702102076.065745,24939,5.946660995483398
1702102077.4902124,24959,6.121267318725586
1702102077.6355655,24961,6.05094575881958
1702102078.8134267,24978,6.253689765930176
1702102079.7475183,24992,6.16330099105835
1702102090.8884149,25054,5.952312469482422
1702102091.0183036,25056,6.142592430114746
1702102095.6552699,25113,5.769054889678955
1702102096.3401744,25123,6.173487186431885
1702102100.9329433,25175,6.064997673034668
1702102101.6112144,25188,4.242779731750488
1702102106.582372,25250,6.1192121505737305
1702102108.4892392,25274,5.870833396911621
1702102118.7085302,25399,6.070429801940918
1702102122.5357447,25445,1.1108072996139526
1702102123.9498582,25468,6.234670639038086
1702102139.967786,25613,6.186557769775391
1702102142.838817,25650,6.1876220703125
1702102144.1988723,25662,5.988924980163574
1702102146.2977333,25688,8.353819847106934
1702102147.337712,25704,5.995175838470459
1702102147.465307,25706,5.876429557800293
1702102148.6852353,25714,11.249133110046387
1702102148.7581413,25716,6.224539756774902
1702102151.8057423,25758,5.885125637054443
1702102157.448791,25815,6.095289707183838
1702102158.726329,25830,5.34171199798584
1702102158.8100471,25831,6.044726848602295
1702102162.7000833,25884,6.077237606048584
1702102164.931915,25908,6.108707427978516
1702102165.8796015,25918,6.0106706619262695
1702102167.4272738,25930,6.038992404937744
1702102172.3544428,25991,5.987545490264893
1702102184.072532,26057,6.084405899047852
1702102184.5532901,26066,6.046637535095215
1702102186.7250104,26098,5.827063083648682
1702102187.6651258,26107,6.121656894683838
1702102188.3450696,26115,6.084263801574707
1702102189.216766,26123,6.155076503753662
1702102191.6136303,26154,6.103501319885254
1702102191.7422416,26156,6.025753974914551
1702102194.0508215,26184,6.163365840911865
1702102198.4484036,26235,5.905163764953613
1702102200.9900281,26264,5.733926773071289
1702102201.1193242,26266,6.102207660675049
1702102202.9842365,26291,5.7629008293151855
1702102203.7593668,26304,6.163525104522705
1702102203.8882897,26306,6.188755035400391
1702102204.4016507,26315,5.759078502655029
1702102210.2205455,26378,5.9302077293396
1702102214.1011891,26422,6.004276275634766
1702102214.3739429,26427,5.696630954742432
1702102220.3515553,26492,5.7042059898376465
1702102231.313147,26551,6.01003885269165
1702102233.5522225,26588,6.002082347869873
1702102233.8489106,26593,6.08032751083374
1702102234.350446,26598,2.0228281021118164
1702102235.2055764,26608,1.845994234085083
1702102236.8359845,26631,6.11076545715332
1702102238.5263789,26647,1.886583924293518
1702102241.5296304,26682,5.885229110717773
1702102242.581872,26692,2.2064411640167236
1702102242.7460938,26694,6.030731201171875
1702102243.08868,26698,7.864049911499023
1702102243.5891488,26702,2.9972076416015625
1702102246.0752256,26734,6.145316123962402
1702102247.5746906,26754,6.207164764404297
1702102252.9484775,26815,10.212480545043945
1702102252.9772344,26816,6.100687503814697
1702102253.0346968,26817,6.216050148010254
1702102260.830351,26915,6.121523380279541
1702102265.2573187,26971,0.8927338719367981
1702102275.5475392,27015,5.928191661834717
1702102276.4238846,27030,2.0041630268096924
1702102278.2214053,27049,2.6741628646850586
1702102279.5385237,27060,1.8601902723312378
1702102282.9963927,27105,6.252538204193115
1702102284.5337834,27124,3.933497905731201
1702102285.8624709,27141,5.866721153259277
1702102288.2212248,27168,10.612988471984863
1702102300.5288444,27309,5.917970657348633
1702102304.7934456,27368,5.777700901031494
1702102306.7970095,27396,5.960141658782959
1702102310.795308,27443,4.117401599884033
1702102311.0220842,27446,5.891072750091553
1702102311.574531,27455,5.982873916625977
1702102323.2200713,27522,5.948044300079346
1702102324.89728,27538,6.003520965576172
1702102325.2666407,27544,5.886925220489502
1702102331.5018306,27627,6.023659706115723
1702102332.351931,27631,6.26238489151001
1702102334.082589,27652,5.829887866973877
1702102337.9624221,27706,6.200985431671143
1702102343.9419107,27779,2.1468515396118164
1702102344.8564622,27793,5.97412109375
1702102347.8841782,27826,5.981894016265869
1702102348.9108303,27834,3.725639581680298
1702102349.1616638,27838,5.936836242675781
1702102349.4480765,27842,6.126534938812256
1702102353.7890792,27895,6.159806251525879
1702102354.138858,27897,6.043422698974609
1702102355.7782662,27918,5.660274505615234
1702102360.4215386,27974,5.70736026763916
1702102368.9816344,28007,6.069397926330566
1702102372.1054468,28046,5.783914566040039
1702102375.9083996,28103,5.764591693878174
1702102376.429462,28113,5.974208354949951
1702102383.5593662,28204,5.768580913543701
1702102385.0380096,28223,2.27173113822937
1702102388.4885893,28267,5.688398838043213
1702102395.144948,28356,5.860648155212402
1702102395.8730664,28364,3.645658016204834
1702102398.3544884,28388,1.7379274368286133
1702102401.1502867,28423,6.256468296051025
1702102403.0163894,28450,5.971704006195068
1702102403.215516,28453,6.0021891593933105
1702102403.9969115,28461,5.562114715576172
1702102405.1548543,28478,5.935588359832764
1702102405.5520055,28481,6.180710792541504
1702102415.2717319,28516,6.092785358428955
1702102416.6613867,28535,6.296276092529297
1702102420.6914508,28586,5.798821449279785
1702102422.044484,28600,5.887686252593994
1702102423.136978,28616,6.163398742675781
1702102424.270724,28629,-1.7543367147445679
1702102436.880992,28793,6.000125885009766
1702102436.9714603,28795,5.627460479736328
1702102442.3527417,28855,5.717600345611572
1702102444.8211112,28883,3.9268765449523926
1702102452.1980796,28973,4.2016425132751465
1702102452.343456,28975,6.140188217163086
1702102453.3091726,28985,9.980737686157227
1702102464.6961687,29058,5.801733016967773
1702102469.7615526,29120,6.007273197174072
1702102470.4514408,29127,5.9930033683776855
1702102473.3759456,29161,4.136415004730225
1702102480.8970232,29260,5.996768951416016
1702102484.9047055,29311,5.909623146057129
1702102488.4972703,29350,6.089985370635986
1702102489.062049,29354,3.5369513034820557
1702102492.9237065,29405,6.013214588165283
1702102494.9900703,29432,6.43962287902832
1702102497.9248693,29463,8.887727737426758
1702102498.2839322,29468,6.203688144683838
1702102500.5203142,29491,0.8029714822769165
1702102507.6473522,29506,5.676452159881592
1702102508.6514878,29522,5.84514856338501
1702102509.37081,29529,6.018880367279053
1702102512.0778978,29566,5.87955379486084
1702102516.1082325,29621,6.2329421043396
1702102517.6645849,29637,5.918556213378906
1702102520.766421,29672,6.904113292694092
1702102521.302488,29678,6.173761367797852
1702102522.370347,29690,1.9877873659133911
1702102524.3195245,29715,3.958282232284546
1702102528.9301558,29775,5.980442523956299
1702102529.9626439,29785,5.818023204803467
1702102530.4956985,29792,5.900603294372559
1702102532.2939517,29809,5.769672393798828
1702102534.0943615,29832,5.9431538581848145
1702102535.9168477,29849,10.224214553833008
1702102536.787344,29861,6.01835823059082
1702102537.9850283,29875,5.927450656890869
1702102541.1458998,29915,5.535167217254639
1702102545.439541,29964,5.728096008300781
1702102546.6397972,29975,5.774127960205078
1702102549.0688179,30000,6.17574405670166
